task_id,condition,prompt_artifact_path,prompt_sha256,prompt_length,frozen_fingerprint,exact_text_available
ce111_nonchoice_q01_part1_exponential_growth,ab1,docs/experiments/results/math16_pilot02_qwen4b/cells/qwen3_5_4b__ce111_nonchoice_q01_part1_exponential_growth__ab1__seed_2026071301/prompt.txt,105840296a8d546e9ca86a9aa27cf92df5da24004f78624f5fd96e031b114d62,690,ce111_nonchoice_q01_part1_exponential_growth__ab1__seed_2026071301,True
ce111_nonchoice_q01_part1_exponential_growth,ab2g,docs/experiments/results/math16_pilot02_qwen4b/cells/qwen3_5_4b__ce111_nonchoice_q01_part1_exponential_growth__ab2g__seed_2026071301/prompt.txt,93f82f61b6271d56cbaf1b7bf1276afc821b055cf767d2e9a496414ee933441e,1047,ce111_nonchoice_q01_part1_exponential_growth__ab2g__seed_2026071301,True
ce111_nonchoice_q01_part1_exponential_growth,ab2d,docs/experiments/results/math16_pilot02_qwen4b/cells/qwen3_5_4b__ce111_nonchoice_q01_part1_exponential_growth__ab2d__seed_2026071301/prompt.txt,1f1491d3b68e9620550398001b27cd72e2f8b6c08c2debbf346396314a69cb42,1511,ce111_nonchoice_q01_part1_exponential_growth__ab2d__seed_2026071301,True
ce111_nonchoice_q01_part1_exponential_growth,ab2d_spec_v2,docs/experiments/results/math16_pilot02_qwen4b/cells/qwen3_5_4b__ce111_nonchoice_q01_part1_exponential_growth__ab2d_spec_v2__seed_2026071301/prompt.txt,5d8e3f4084038b1e99a581bf26ad77e49c295362a076ff374e5614960f38c019,2462,ce111_nonchoice_q01_part1_exponential_growth__ab2d_spec_v2__seed_2026071301,True
ce111_q02_polynomial_division_remainder,ab1,docs/experiments/results/math16_pilot02_qwen4b/cells/qwen3_5_4b__ce111_q02_polynomial_division_remainder__ab1__seed_2026071301/prompt.txt,138e8eae8822fb96a655fd1cfb5c14873f5397fb4b5a09ed617defd5fc0e42e5,687,ce111_q02_polynomial_division_remainder__ab1__seed_2026071301,True
ce111_q02_polynomial_division_remainder,ab2g,docs/experiments/results/math16_pilot02_qwen4b/cells/qwen3_5_4b__ce111_q02_polynomial_division_remainder__ab2g__seed_2026071301/prompt.txt,1cb912077ad2776904919f36b8947a00c6986c58c24c9311c1d8872dbc447e31,1044,ce111_q02_polynomial_division_remainder__ab2g__seed_2026071301,True
ce111_q02_polynomial_division_remainder,ab2d,docs/experiments/results/math16_pilot02_qwen4b/cells/qwen3_5_4b__ce111_q02_polynomial_division_remainder__ab2d__seed_2026071301/prompt.txt,d625ce0bed3b073c6289454121ab9960e1c1965a824c9db6a575d7ecbd3c0aa9,1572,ce111_q02_polynomial_division_remainder__ab2d__seed_2026071301,True
ce111_q02_polynomial_division_remainder,ab2d_spec_v2,docs/experiments/results/math16_pilot02_qwen4b/cells/qwen3_5_4b__ce111_q02_polynomial_division_remainder__ab2d_spec_v2__seed_2026071301/prompt.txt,f9a51940b166e8613557d1490cf1a331467ffd95af8ca96617aeded15c78fb87,3501,ce111_q02_polynomial_division_remainder__ab2d_spec_v2__seed_2026071301,True
ce111_q03_prime_factor_selection,ab1,docs/experiments/results/math16_pilot02_qwen4b/cells/qwen3_5_4b__ce111_q03_prime_factor_selection__ab1__seed_2026071301/prompt.txt,398a9ab7067574286a3f7b6a955033b2f3af8d244d34098aa907623bb706bcc4,613,ce111_q03_prime_factor_selection__ab1__seed_2026071301,True
ce111_q03_prime_factor_selection,ab2g,docs/experiments/results/math16_pilot02_qwen4b/cells/qwen3_5_4b__ce111_q03_prime_factor_selection__ab2g__seed_2026071301/prompt.txt,5436b011cb2be3d0edee52770f8c5a28348f9ef4763ae485b8c6a80798ef1cbf,970,ce111_q03_prime_factor_selection__ab2g__seed_2026071301,True
ce111_q03_prime_factor_selection,ab2d,docs/experiments/results/math16_pilot02_qwen4b/cells/qwen3_5_4b__ce111_q03_prime_factor_selection__ab2d__seed_2026071301/prompt.txt,8704669323fb45ef6bd34331151b350845425d2d14e19b36c58bd2c2c86bc75f,1443,ce111_q03_prime_factor_selection__ab2d__seed_2026071301,True
ce111_q03_prime_factor_selection,ab2d_spec_v2,docs/experiments/results/math16_pilot02_qwen4b/cells/qwen3_5_4b__ce111_q03_prime_factor_selection__ab2d_spec_v2__seed_2026071301/prompt.txt,5417185bc8f5d084bd04d6bf4d346762f6fa4738c6a52d30ea34706f4121e6f0,2419,ce111_q03_prime_factor_selection__ab2d_spec_v2__seed_2026071301,True
ce111_q05_exact_fraction_expression,ab1,docs/experiments/results/math16_pilot02_qwen4b/cells/qwen3_5_4b__ce111_q05_exact_fraction_expression__ab1__seed_2026071301/prompt.txt,321d4fd2830ebc32bfbb64fefd30735af2260cffbb4d5ce695cfe030ca6e2ece,670,ce111_q05_exact_fraction_expression__ab1__seed_2026071301,True
ce111_q05_exact_fraction_expression,ab2g,docs/experiments/results/math16_pilot02_qwen4b/cells/qwen3_5_4b__ce111_q05_exact_fraction_expression__ab2g__seed_2026071301/prompt.txt,9932c16c2dd3109a2f340ae98c4b0e51ef01fe9e024fbcc5f63bab49ef3ae965,1027,ce111_q05_exact_fraction_expression__ab2g__seed_2026071301,True
ce111_q05_exact_fraction_expression,ab2d,docs/experiments/results/math16_pilot02_qwen4b/cells/qwen3_5_4b__ce111_q05_exact_fraction_expression__ab2d__seed_2026071301/prompt.txt,68a00937bf4cad2e185ea854b3d92e6fc9615ee0f045b5c86e81879b64976d4b,1619,ce111_q05_exact_fraction_expression__ab2d__seed_2026071301,True
ce111_q05_exact_fraction_expression,ab2d_spec_v2,docs/experiments/results/math16_pilot02_qwen4b/cells/qwen3_5_4b__ce111_q05_exact_fraction_expression__ab2d_spec_v2__seed_2026071301/prompt.txt,927977168ad6a72c644641fed7ef653495e55279689dc0beb06253033242926d,3790,ce111_q05_exact_fraction_expression__ab2d_spec_v2__seed_2026071301,True
ce111_q08_polynomial_factor_parameter_recovery,ab1,docs/experiments/results/math16_pilot02_qwen4b/cells/qwen3_5_4b__ce111_q08_polynomial_factor_parameter_recovery__ab1__seed_2026071301/prompt.txt,447f8b48f394c373b3fa8d7fa4d11932cdce5b411bbf27f61cc9e822b2670cd4,831,ce111_q08_polynomial_factor_parameter_recovery__ab1__seed_2026071301,True
ce111_q08_polynomial_factor_parameter_recovery,ab2g,docs/experiments/results/math16_pilot02_qwen4b/cells/qwen3_5_4b__ce111_q08_polynomial_factor_parameter_recovery__ab2g__seed_2026071301/prompt.txt,1ddb92a07ec3df5f46360fdf5c9881eb4745bf1f339bac0c6d00e5e41217ac17,1188,ce111_q08_polynomial_factor_parameter_recovery__ab2g__seed_2026071301,True
ce111_q08_polynomial_factor_parameter_recovery,ab2d,docs/experiments/results/math16_pilot02_qwen4b/cells/qwen3_5_4b__ce111_q08_polynomial_factor_parameter_recovery__ab2d__seed_2026071301/prompt.txt,7d993c836b9ef40b49f4c57d44a4c2e08ef6a895b0f2e522f0e7c029fba0a27a,1724,ce111_q08_polynomial_factor_parameter_recovery__ab2d__seed_2026071301,True
ce111_q08_polynomial_factor_parameter_recovery,ab2d_spec_v2,docs/experiments/results/math16_pilot02_qwen4b/cells/qwen3_5_4b__ce111_q08_polynomial_factor_parameter_recovery__ab2d_spec_v2__seed_2026071301/prompt.txt,4e8f345ad99e87317c2bb38ce741268ce4f57d9e2ca98518eea4f37fb36fb477,3254,ce111_q08_polynomial_factor_parameter_recovery__ab2d_spec_v2__seed_2026071301,True
ce111_q10_ordered_quadratic_roots_radical,ab1,docs/experiments/results/math16_pilot02_qwen4b/cells/qwen3_5_4b__ce111_q10_ordered_quadratic_roots_radical__ab1__seed_2026071301/prompt.txt,8371aff72b11bd70ea327920302233f5b7d60c0e6e594daa5ce635ef386d56fb,774,ce111_q10_ordered_quadratic_roots_radical__ab1__seed_2026071301,True
ce111_q10_ordered_quadratic_roots_radical,ab2g,docs/experiments/results/math16_pilot02_qwen4b/cells/qwen3_5_4b__ce111_q10_ordered_quadratic_roots_radical__ab2g__seed_2026071301/prompt.txt,6179a8fb58654189712d53044e6df49b7171ccf57f1b1666d3e735f38758a766,1131,ce111_q10_ordered_quadratic_roots_radical__ab2g__seed_2026071301,True
ce111_q10_ordered_quadratic_roots_radical,ab2d,docs/experiments/results/math16_pilot02_qwen4b/cells/qwen3_5_4b__ce111_q10_ordered_quadratic_roots_radical__ab2d__seed_2026071301/prompt.txt,79e4e1abeee04352b1acfd797ec10815f2614f37bd4c94f0090c6ffef957d2c6,1861,ce111_q10_ordered_quadratic_roots_radical__ab2d__seed_2026071301,True
ce111_q10_ordered_quadratic_roots_radical,ab2d_spec_v2,docs/experiments/results/math16_pilot02_qwen4b/cells/qwen3_5_4b__ce111_q10_ordered_quadratic_roots_radical__ab2d_spec_v2__seed_2026071301/prompt.txt,87ee0595a5ca441c1e15e5e7131277be034462d69eb6b3f90435a4d2507857f2,2877,ce111_q10_ordered_quadratic_roots_radical__ab2d_spec_v2__seed_2026071301,True
ce112_q01_negative_integer_power,ab1,docs/experiments/results/math16_pilot02_qwen4b/cells/qwen3_5_4b__ce112_q01_negative_integer_power__ab1__seed_2026071301/prompt.txt,d7f97e59388da3962bab6c3b0b55ebacdb7679340bf7955215431120c98301c9,598,ce112_q01_negative_integer_power__ab1__seed_2026071301,True
ce112_q01_negative_integer_power,ab2g,docs/experiments/results/math16_pilot02_qwen4b/cells/qwen3_5_4b__ce112_q01_negative_integer_power__ab2g__seed_2026071301/prompt.txt,cf486895c58fc5f91aaf2ba8cb03259f0eb98cb10d99a9d8a5734721bfdd7edb,955,ce112_q01_negative_integer_power__ab2g__seed_2026071301,True
ce112_q01_negative_integer_power,ab2d,docs/experiments/results/math16_pilot02_qwen4b/cells/qwen3_5_4b__ce112_q01_negative_integer_power__ab2d__seed_2026071301/prompt.txt,a03c40a37de8c5652476da0fcd76dfc714ca55c19b0279b0452358c81ccde8d4,1419,ce112_q01_negative_integer_power__ab2d__seed_2026071301,True
ce112_q01_negative_integer_power,ab2d_spec_v2,docs/experiments/results/math16_pilot02_qwen4b/cells/qwen3_5_4b__ce112_q01_negative_integer_power__ab2d_spec_v2__seed_2026071301/prompt.txt,1aa4f2a789b546a5f81f4a773db6c783edb359f5fbbc3c21966853d57db6a61b,2342,ce112_q01_negative_integer_power__ab2d_spec_v2__seed_2026071301,True
ce112_q04_radical_simplification,ab1,docs/experiments/results/math16_pilot02_qwen4b/cells/qwen3_5_4b__ce112_q04_radical_simplification__ab1__seed_2026071301/prompt.txt,f696edca9ba89d8daf6ae0a01bef98c0098c508517ba9d6e631b287fa5764d53,600,ce112_q04_radical_simplification__ab1__seed_2026071301,True
ce112_q04_radical_simplification,ab2g,docs/experiments/results/math16_pilot02_qwen4b/cells/qwen3_5_4b__ce112_q04_radical_simplification__ab2g__seed_2026071301/prompt.txt,6d252e1058c14eee07326788693fec710a5247c404e7dd74f3d22156235a82f4,957,ce112_q04_radical_simplification__ab2g__seed_2026071301,True
ce112_q04_radical_simplification,ab2d,docs/experiments/results/math16_pilot02_qwen4b/cells/qwen3_5_4b__ce112_q04_radical_simplification__ab2d__seed_2026071301/prompt.txt,f4766019ab80cfea7d15b358786ad841f542d8cd57b9dd61f4e7098712dba731,1542,ce112_q04_radical_simplification__ab2d__seed_2026071301,True
ce112_q04_radical_simplification,ab2d_spec_v2,docs/experiments/results/math16_pilot02_qwen4b/cells/qwen3_5_4b__ce112_q04_radical_simplification__ab2d_spec_v2__seed_2026071301/prompt.txt,14468d40af33b62b0c252bc11861baed124b1313d69a77fa4907ba256e91c080,2705,ce112_q04_radical_simplification__ab2d_spec_v2__seed_2026071301,True
ce112_q09_divisor_multiple_intersection,ab1,docs/experiments/results/math16_pilot02_qwen4b/cells/qwen3_5_4b__ce112_q09_divisor_multiple_intersection__ab1__seed_2026071301/prompt.txt,7eafd0610772ae6f3576a2d7d24017b28f0195d01e3b713feb8a6b629a79148e,648,ce112_q09_divisor_multiple_intersection__ab1__seed_2026071301,True
ce112_q09_divisor_multiple_intersection,ab2g,docs/experiments/results/math16_pilot02_qwen4b/cells/qwen3_5_4b__ce112_q09_divisor_multiple_intersection__ab2g__seed_2026071301/prompt.txt,8465217dde30310c3f927c2ec00e152e065f40c5508cd0339ae46a541c19496e,1005,ce112_q09_divisor_multiple_intersection__ab2g__seed_2026071301,True
ce112_q09_divisor_multiple_intersection,ab2d,docs/experiments/results/math16_pilot02_qwen4b/cells/qwen3_5_4b__ce112_q09_divisor_multiple_intersection__ab2d__seed_2026071301/prompt.txt,f4d5abe47b1d3dad2095dbc473b4f58b6f1c8cd4f9ece0ba8a1de9f5c68ad5cb,1478,ce112_q09_divisor_multiple_intersection__ab2d__seed_2026071301,True
ce112_q09_divisor_multiple_intersection,ab2d_spec_v2,docs/experiments/results/math16_pilot02_qwen4b/cells/qwen3_5_4b__ce112_q09_divisor_multiple_intersection__ab2d_spec_v2__seed_2026071301/prompt.txt,6ab35b719b39c1336e47f8fea3d373ec2482ad3f8d1c6979b192576090228035,2414,ce112_q09_divisor_multiple_intersection__ab2d_spec_v2__seed_2026071301,True
ce112_q12_independent_probability_fraction,ab1,docs/experiments/results/math16_pilot02_qwen4b/cells/qwen3_5_4b__ce112_q12_independent_probability_fraction__ab1__seed_2026071301/prompt.txt,ce709937aef3026d48af8ea0b6eb6dbc53d0c07731b232df03b0657672d7d74c,665,ce112_q12_independent_probability_fraction__ab1__seed_2026071301,True
ce112_q12_independent_probability_fraction,ab2g,docs/experiments/results/math16_pilot02_qwen4b/cells/qwen3_5_4b__ce112_q12_independent_probability_fraction__ab2g__seed_2026071301/prompt.txt,d68af74fd5f59ae1178e9835684479397bd58a2b1f31fd9ef7b022e34b96fcf1,1022,ce112_q12_independent_probability_fraction__ab2g__seed_2026071301,True
ce112_q12_independent_probability_fraction,ab2d,docs/experiments/results/math16_pilot02_qwen4b/cells/qwen3_5_4b__ce112_q12_independent_probability_fraction__ab2d__seed_2026071301/prompt.txt,e0ceba6ddea69db946947e44372f0667b4445539f11857bbafa275c518a9506a,1614,ce112_q12_independent_probability_fraction__ab2d__seed_2026071301,True
ce112_q12_independent_probability_fraction,ab2d_spec_v2,docs/experiments/results/math16_pilot02_qwen4b/cells/qwen3_5_4b__ce112_q12_independent_probability_fraction__ab2d_spec_v2__seed_2026071301/prompt.txt,183c3a708e2a1361e9ccd41de1cb33c51bb169b1f6b7cd99d874f98aa23ada51,3756,ce112_q12_independent_probability_fraction__ab2d_spec_v2__seed_2026071301,True
ce113_q01_negative_fraction_subtraction,ab1,docs/experiments/results/math16_pilot02_qwen4b/cells/qwen3_5_4b__ce113_q01_negative_fraction_subtraction__ab1__seed_2026071301/prompt.txt,d690b208e09d5f893ecd8b8abc38b4abb7d044968dc42c60dde3de96c0ad410d,661,ce113_q01_negative_fraction_subtraction__ab1__seed_2026071301,True
ce113_q01_negative_fraction_subtraction,ab2g,docs/experiments/results/math16_pilot02_qwen4b/cells/qwen3_5_4b__ce113_q01_negative_fraction_subtraction__ab2g__seed_2026071301/prompt.txt,b0fe97bca3b7957bb481e88060e49681e6c7ccd67ff19c2eaf13d3ec47559a0b,1018,ce113_q01_negative_fraction_subtraction__ab2g__seed_2026071301,True
ce113_q01_negative_fraction_subtraction,ab2d,docs/experiments/results/math16_pilot02_qwen4b/cells/qwen3_5_4b__ce113_q01_negative_fraction_subtraction__ab2d__seed_2026071301/prompt.txt,0fe4bd752d3760f08b8977916ba6edb99a7babd6cc53752bb9d80a684c8514f7,1610,ce113_q01_negative_fraction_subtraction__ab2d__seed_2026071301,True
ce113_q01_negative_fraction_subtraction,ab2d_spec_v2,docs/experiments/results/math16_pilot02_qwen4b/cells/qwen3_5_4b__ce113_q01_negative_fraction_subtraction__ab2d_spec_v2__seed_2026071301/prompt.txt,319926943ccbc9ca260979e04cf024cc1d896f00bc3e6be23e7b9632170ca54a,3744,ce113_q01_negative_fraction_subtraction__ab2d_spec_v2__seed_2026071301,True
ce113_q11_rationalize_denominator,ab1,docs/experiments/results/math16_pilot02_qwen4b/cells/qwen3_5_4b__ce113_q11_rationalize_denominator__ab1__seed_2026071301/prompt.txt,16c617438948cbd476c48addcd9cfc9b61c804e3e01b852d5a0eafb883cb34ce,639,ce113_q11_rationalize_denominator__ab1__seed_2026071301,True
ce113_q11_rationalize_denominator,ab2g,docs/experiments/results/math16_pilot02_qwen4b/cells/qwen3_5_4b__ce113_q11_rationalize_denominator__ab2g__seed_2026071301/prompt.txt,61d3826e10d9cccb5d18a02c8aa951421bd38216d4cd773792201aac261778a7,996,ce113_q11_rationalize_denominator__ab2g__seed_2026071301,True
ce113_q11_rationalize_denominator,ab2d,docs/experiments/results/math16_pilot02_qwen4b/cells/qwen3_5_4b__ce113_q11_rationalize_denominator__ab2d__seed_2026071301/prompt.txt,9d3533f258e5c017845db746fbfb696ba432835385d9f38acf718a6bdff06514,1576,ce113_q11_rationalize_denominator__ab2d__seed_2026071301,True
ce113_q11_rationalize_denominator,ab2d_spec_v2,docs/experiments/results/math16_pilot02_qwen4b/cells/qwen3_5_4b__ce113_q11_rationalize_denominator__ab2d_spec_v2__seed_2026071301/prompt.txt,4033ab46b2fd824676ffbdde5923011d60dab8b2e0ae8d562ec42a32b75da01a,2482,ce113_q11_rationalize_denominator__ab2d_spec_v2__seed_2026071301,True
ce115_calc_exact_rational_expression_l1,ab1,docs/experiments/results/math16_pilot02_qwen4b/cells/qwen3_5_4b__ce115_calc_exact_rational_expression_l1__ab1__seed_2026071301/prompt.txt,c7bff96c64c0aa9785092575c7f89ece51cd11d03c72c8f801c6b629d791a0ec,743,ce115_calc_exact_rational_expression_l1__ab1__seed_2026071301,True
ce115_calc_exact_rational_expression_l1,ab2g,docs/experiments/results/math16_pilot02_qwen4b/cells/qwen3_5_4b__ce115_calc_exact_rational_expression_l1__ab2g__seed_2026071301/prompt.txt,5f397d56fab2649201b606af7abf51780a93d6d74269fd5f5d216a538aa8b8d9,1100,ce115_calc_exact_rational_expression_l1__ab2g__seed_2026071301,True
ce115_calc_exact_rational_expression_l1,ab2d,docs/experiments/results/math16_pilot02_qwen4b/cells/qwen3_5_4b__ce115_calc_exact_rational_expression_l1__ab2d__seed_2026071301/prompt.txt,ccc56c41370e2b807299372da9b9af0d6807abf4dbae441990b16044d5108244,1680,ce115_calc_exact_rational_expression_l1__ab2d__seed_2026071301,True
ce115_calc_exact_rational_expression_l1,ab2d_spec_v2,docs/experiments/results/math16_pilot02_qwen4b/cells/qwen3_5_4b__ce115_calc_exact_rational_expression_l1__ab2d_spec_v2__seed_2026071301/prompt.txt,f46b8a30d79d77ca3811c9d7dc202a0b65b50302395ca871a24d3129a0f4e7c2,2893,ce115_calc_exact_rational_expression_l1__ab2d_spec_v2__seed_2026071301,True
ce115_calc_polynomial_division_l1,ab1,docs/experiments/results/math16_pilot02_qwen4b/cells/qwen3_5_4b__ce115_calc_polynomial_division_l1__ab1__seed_2026071301/prompt.txt,fdf193cdb3bf18cbd3e37627168fd1824042198d278b2a45114ddc8bacd8ff86,738,ce115_calc_polynomial_division_l1__ab1__seed_2026071301,True
ce115_calc_polynomial_division_l1,ab2g,docs/experiments/results/math16_pilot02_qwen4b/cells/qwen3_5_4b__ce115_calc_polynomial_division_l1__ab2g__seed_2026071301/prompt.txt,3d60a095612840e6d08496d68f759c891c049481c5af862609bd89ece29121b6,1095,ce115_calc_polynomial_division_l1__ab2g__seed_2026071301,True
ce115_calc_polynomial_division_l1,ab2d,docs/experiments/results/math16_pilot02_qwen4b/cells/qwen3_5_4b__ce115_calc_polynomial_division_l1__ab2d__seed_2026071301/prompt.txt,79b1936f146728f178f71569aa7cab9c2d284ace6e3fa97604a96c7b97f250d0,1495,ce115_calc_polynomial_division_l1__ab2d__seed_2026071301,True
ce115_calc_polynomial_division_l1,ab2d_spec_v2,docs/experiments/results/math16_pilot02_qwen4b/cells/qwen3_5_4b__ce115_calc_polynomial_division_l1__ab2d_spec_v2__seed_2026071301/prompt.txt,aac0a64fb450e071435c5a4a1537bb5d9c1725f83c32044002263cfa175d7361,2866,ce115_calc_polynomial_division_l1__ab2d_spec_v2__seed_2026071301,True
ce115_calc_polynomial_factor_roots_l1,ab1,docs/experiments/results/math16_pilot02_qwen4b/cells/qwen3_5_4b__ce115_calc_polynomial_factor_roots_l1__ab1__seed_2026071301/prompt.txt,62fcdc20f64c26274f92f2d05134f84475477eacfec37cfadae8f5dd3505e50e,667,ce115_calc_polynomial_factor_roots_l1__ab1__seed_2026071301,True
ce115_calc_polynomial_factor_roots_l1,ab2g,docs/experiments/results/math16_pilot02_qwen4b/cells/qwen3_5_4b__ce115_calc_polynomial_factor_roots_l1__ab2g__seed_2026071301/prompt.txt,9aa875c3c2de0b79cb0cf0bb5ec18ef9a02ead452db9d4d044500f175a8f485f,1024,ce115_calc_polynomial_factor_roots_l1__ab2g__seed_2026071301,True
ce115_calc_polynomial_factor_roots_l1,ab2d,docs/experiments/results/math16_pilot02_qwen4b/cells/qwen3_5_4b__ce115_calc_polynomial_factor_roots_l1__ab2d__seed_2026071301/prompt.txt,46eb44551fe48e5def0a14fdfe506b30e5987c44c0dee69f259bf42b90ab54a0,1601,ce115_calc_polynomial_factor_roots_l1__ab2d__seed_2026071301,True
ce115_calc_polynomial_factor_roots_l1,ab2d_spec_v2,docs/experiments/results/math16_pilot02_qwen4b/cells/qwen3_5_4b__ce115_calc_polynomial_factor_roots_l1__ab2d_spec_v2__seed_2026071301/prompt.txt,64ff6dc7b8b1fe7e5e14585fdc620a7ed1d9b0c573d08f1674d5cd55f8709943,2520,ce115_calc_polynomial_factor_roots_l1__ab2d_spec_v2__seed_2026071301,True
ce115_calc_radical_simplification_l1,ab1,docs/experiments/results/math16_pilot02_qwen4b/cells/qwen3_5_4b__ce115_calc_radical_simplification_l1__ab1__seed_2026071301/prompt.txt,2a445d5de76c068590ce05619f521eff42098c71257319bf12d82796d4d92f86,629,ce115_calc_radical_simplification_l1__ab1__seed_2026071301,True
ce115_calc_radical_simplification_l1,ab2g,docs/experiments/results/math16_pilot02_qwen4b/cells/qwen3_5_4b__ce115_calc_radical_simplification_l1__ab2g__seed_2026071301/prompt.txt,a88ec9aa5f19dc7b5348cdd1cfdc9b503c1fbefcc0ad12889e21eeff5cb19621,986,ce115_calc_radical_simplification_l1__ab2g__seed_2026071301,True
ce115_calc_radical_simplification_l1,ab2d,docs/experiments/results/math16_pilot02_qwen4b/cells/qwen3_5_4b__ce115_calc_radical_simplification_l1__ab2d__seed_2026071301/prompt.txt,7277f140eeaadbdfe1f64a2215413acadf06fb134b09efa280f2011d19e5588c,1375,ce115_calc_radical_simplification_l1__ab2d__seed_2026071301,True
ce115_calc_radical_simplification_l1,ab2d_spec_v2,docs/experiments/results/math16_pilot02_qwen4b/cells/qwen3_5_4b__ce115_calc_radical_simplification_l1__ab2d_spec_v2__seed_2026071301/prompt.txt,2708207ae203981a2788e092fe304786ba7cfebc62173946b16030a1bf045aee,2733,ce115_calc_radical_simplification_l1__ab2d_spec_v2__seed_2026071301,True
